{
    "root_group": {
        "name": "",
        "path": "",
        "id": "d41d8cd98f00b204e9800998ecf8427e",
        "groups": {},
        "checks": {}
    },
    "metrics": {
        "vus_max": {
            "value": 10,
            "min": 10,
            "max": 10
        },
        "http_req_receiving": {
            "med": 0.031,
            "max": 0.143,
            "p(90)": 0.064,
            "p(95)": 0.08709999999999997,
            "avg": 0.03710333333333334,
            "min": 0.005
        },
        "http_req_tls_handshaking": {
            "avg": 0,
            "min": 0,
            "med": 0,
            "max": 0,
            "p(90)": 0,
            "p(95)": 0
        },
        "http_reqs": {
            "rate": 9.96739763906239,
            "count": 300
        },
        "vus": {
            "value": 10,
            "min": 10,
            "max": 10
        },
        "iteration_duration": {
            "avg": 1003.0804698600004,
            "min": 1000.213291,
            "med": 1002.567958,
            "max": 1018.665208,
            "p(90)": 1004.9080788,
            "p(95)": 1007.0071857500001
        },
        "data_received": {
            "count": 69000,
            "rate": 2292.5014569843497
        },
        "http_req_blocked": {
            "min": 0,
            "med": 0.004,
            "max": 4.116,
            "p(90)": 0.01,
            "p(95)": 0.013,
            "avg": 0.1278233333333334
        },
        "http_req_connecting": {
            "med": 0,
            "max": 1.292,
            "p(90)": 0,
            "p(95)": 0,
            "avg": 0.02600333333333333,
            "min": 0
        },
        "http_req_waiting": {
            "avg": 2.402403333333334,
            "min": 0.142,
            "med": 2.1100000000000003,
            "max": 10.616,
            "p(90)": 4.471300000000003,
            "p(95)": 6.52685
        },
        "http_req_failed": {
            "passes": 0,
            "fails": 300,
            "value": 0
        },
        "http_req_duration": {
            "med": 2.1550000000000002,
            "max": 11.952,
            "p(90)": 4.739800000000001,
            "p(95)": 6.622999999999999,
            "avg": 2.4998866666666646,
            "min": 0.156
        },
        "http_req_duration{expected_response:true}": {
            "p(90)": 4.739800000000001,
            "p(95)": 6.622999999999999,
            "avg": 2.4998866666666646,
            "min": 0.156,
            "med": 2.1550000000000002,
            "max": 11.952
        },
        "iterations": {
            "count": 300,
            "rate": 9.96739763906239
        },
        "http_req_sending": {
            "p(90)": 0.04510000000000001,
            "p(95)": 0.072,
            "avg": 0.060379999999999955,
            "min": 0.002,
            "med": 0.014,
            "max": 1.378
        },
        "data_sent": {
            "rate": 837.2614016812408,
            "count": 25200
        }
    }
}